[
  {
    "bfDate": "2015-03-31 00:00:00.0",
    "meDate": "2015-03-31 00:00:00.0",
    "loanDataDate": "2015-03-31 00:00:00.0",
    "loadDateTime": "2015-12-01 08:39:21.54",
    "forecastPurpose": "DFAST2015",
    "reportDate": "2015-03-31 00:00:00.0",
    "financialRegulation": "DFAST"
  },
  {
    "bfDate": "2015-12-31 00:00:00.0",
    "meDate": "2015-12-31 00:00:00.0",
    "loanDataDate": "2015-12-31 00:00:00.0",
    "loadDateTime": "2015-12-01 08:39:21.54",
    "forecastPurpose": "CCAR2016",
    "reportDate": "2015-12-31 00:00:00.0",
    "financialRegulation": "CCAR"
  },
  {
    "bfDate": "2013-12-31 00:00:00.0",
    "meDate": "2013-09-30 00:00:00.0",
    "loanDataDate": "2013-09-30 00:00:00.0",
    "loadDateTime": "2015-12-01 08:39:21.54",
    "forecastPurpose": "CCAR2014",
    "reportDate": "2013-09-30 00:00:00.0",
    "financialRegulation": "CCAR"
  },
  {
    "bfDate": "2014-03-31 00:00:00.0",
    "meDate": "2014-03-31 00:00:00.0",
    "loanDataDate": "2014-03-31 00:00:00.0",
    "loadDateTime": "2015-12-01 08:39:21.54",
    "forecastPurpose": "DFAST2014",
    "reportDate": "2014-03-31 00:00:00.0",
    "financialRegulation": "DFAST"
  },
  {
    "bfDate": "2014-12-31 00:00:00.0",
    "meDate": "2014-09-30 00:00:00.0",
    "loanDataDate": "2014-09-30 00:00:00.0",
    "loadDateTime": "2015-12-01 08:39:21.54",
    "forecastPurpose": "CCAR2015",
    "reportDate": "2014-09-30 00:00:00.0",
    "financialRegulation": "CCAR"
  },
  {
    "bfDate": "2016-03-31 00:00:00.0",
    "meDate": "2016-03-31 00:00:00.0",
    "loanDataDate": "2016-03-31 00:00:00.0",
    "loadDateTime": "2015-12-01 08:39:21.54",
    "forecastPurpose": "DFAST2016",
    "reportDate": "2016-03-31 00:00:00.0",
    "financialRegulation": "DFAST"
  },
  {
    "bfDate": "2015-12-31 00:00:00.0",
    "meDate": "2015-12-31 00:00:00.0",
    "loanDataDate": "2015-12-31 00:00:00.0",
    "loadDateTime": "2015-12-01 08:39:21.54",
    "forecastPurpose": "CCAR2016P",
    "reportDate": "2015-12-31 00:00:00.0",
    "financialRegulation": "CCAR"
  },
  {
    "bfDate": "2015-03-31 00:00:00.0",
    "meDate": "2015-03-31 00:00:00.0",
    "loanDataDate": "2015-03-31 00:00:00.0",
    "loadDateTime": "2015-12-01 08:39:21.54",
    "forecastPurpose": "DFAST2015Act",
    "reportDate": "2015-03-31 00:00:00.0",
    "financialRegulation": "DFAST"
  },
  {
    "bfDate": "2005-03-31 00:00:00.0",
    "meDate": "2005-03-31 00:00:00.0",
    "loanDataDate": "2005-03-31 00:00:00.0",
    "loadDateTime": "2015-12-01 08:39:21.54",
    "forecastPurpose": "Actual2005",
    "reportDate": "2005-03-31 00:00:00.0",
    "financialRegulation": "Actual"
  },
  {
    "bfDate": "2007-03-31 00:00:00.0",
    "meDate": "2007-03-31 00:00:00.0",
    "loanDataDate": "2007-03-31 00:00:00.0",
    "loadDateTime": "2015-12-01 08:39:21.54",
    "forecastPurpose": "Actual2007",
    "reportDate": "2007-03-31 00:00:00.0",
    "financialRegulation": "Actual"
  },
  {
    "bfDate": "2009-03-31 00:00:00.0",
    "meDate": "2009-03-31 00:00:00.0",
    "loanDataDate": "2009-03-31 00:00:00.0",
    "loadDateTime": "2015-12-01 08:39:21.54",
    "forecastPurpose": "Actual2009",
    "reportDate": "2009-03-31 00:00:00.0",
    "financialRegulation": "Actual"
  },
  {
    "bfDate": "2011-03-31 00:00:00.0",
    "meDate": "2011-03-31 00:00:00.0",
    "loanDataDate": "2011-03-31 00:00:00.0",
    "loadDateTime": "2015-12-01 08:39:21.54",
    "forecastPurpose": "Actual2011",
    "reportDate": "2011-03-31 00:00:00.0",
    "financialRegulation": "Actual"
  }
]