{
  "1": [
    {
      "PROCESS_ABBREVIATION": "File Loaded in MIP_MOR",
      "PROCESS_NAME": "File Loaded in MIP_MOR",
      "CONTROL_ID": "200-10"
    },
    {
      "PROCESS_ABBREVIATION": "Ready for Modeler's review",
      "PROCESS_NAME": "Ready for Modeler's review",
      "CONTROL_ID": "200-20"
    }
  ],
  "2": [
    {
      "VARIABLE_NAME": "MacroEconomic"
    },
    {
      "VARIABLE_NAME": "MLL"
    },
    {
      "VARIABLE_NAME": "Balance Forecast"
    }
  ],
  "3": [
    {
      "processName": "File Loaded in MIP_MOR",
      "prcProcessKey": 216,
      "processStatus": "Not Started",
      "approverID": "null",
      "controlGroup": "null",
      "controlID": "200-10",
      "ownerID": "null",
      "ownerName": "null",
      "reviewerID": "null",
      "reviewerName": "null",
      "controlGroupOwner": "null",
      "color": "#5FA7DA",
      "x": 0,
      "y": 0
    },
    {
      "processName": "Ready for Modeler's review",
      "prcProcessKey": 217,
      "processStatus": "Not Started",
      "approverID": "null",
      "controlGroup": "null",
      "controlID": "200-20",
      "ownerID": "null",
      "ownerName": "null",
      "reviewerID": "null",
      "reviewerName": "null",
      "controlGroupOwner": "null",
      "color": "#5FA7DA",
      "x": 1,
      "y": 0
    },
    {
      "processName": "File Loaded in MIP_MOR",
      "prcProcessKey": 218,
      "processStatus": "Not Started",
      "approverID": "null",
      "controlGroup": "null",
      "controlID": "200-10",
      "ownerID": "null",
      "ownerName": "null",
      "reviewerID": "null",
      "reviewerName": "null",
      "controlGroupOwner": "null",
      "color": "#5FA7DA",
      "x": 0,
      "y": 1
    },
    {
      "processName": "Ready for Modeler's review",
      "prcProcessKey": 219,
      "processStatus": "Not Started",
      "approverID": "null",
      "controlGroup": "null",
      "controlID": "200-20",
      "ownerID": "null",
      "ownerName": "null",
      "reviewerID": "null",
      "reviewerName": "null",
      "controlGroupOwner": "null",
      "color": "#5FA7DA",
      "x": 1,
      "y": 1
    },
    {
      "processName": "File Loaded in MIP_MOR",
      "prcProcessKey": 214,
      "processStatus": "Not Started",
      "approverID": "null",
      "controlGroup": "null",
      "controlID": "200-10",
      "ownerID": "null",
      "ownerName": "null",
      "reviewerID": "null",
      "reviewerName": "null",
      "controlGroupOwner": "null",
      "color": "#5FA7DA",
      "x": 0,
      "y": 2
    },
    {
      "processName": "Ready for Modeler's review",
      "prcProcessKey": 215,
      "processStatus": "Not Started",
      "approverID": "null",
      "controlGroup": "null",
      "controlID": "200-20",
      "ownerID": "null",
      "ownerName": "null",
      "reviewerID": "null",
      "reviewerName": "null",
      "controlGroupOwner": "null",
      "color": "#5FA7DA",
      "x": 1,
      "y": 2
    }
  ]
}